{"metadata":{"asset_id":"53305445-01c4-470b-ab76-f2157e7aef62","asset_attributes":["data_asset"],"name":"dataset_desafio_2.csv","asset_type":"data_asset","created_at":"2020-08-17T16:23:19Z","description":"","origin_country":"us","owner_id":"IBMid-550008AUDY","project_id":"ecf0bd32-f44d-4c58-a45d-119f56b9c1a6","size":1520235,"tags":[],"usage":{"last_update_time":1597681400695,"last_updated_at":"2020-08-17T16:23:20Z"}},"entity":{"data_asset":{"mime_type":"text/csv","dataset":false}},"attachments":[{"id":"3a0cc9bc-cda5-4314-9afa-9731b5957a41","version":2,"asset_type":"data_asset","name":"dataset_desafio_2.csv","mime":"text/csv","datasource_type":"193a97c1-4475-4a19-b90c-295c4fdc6517","object_key":"dataset_desafio_2.csv","creator_id":"iam-ServiceId-f49c5558-c247-4983-a04f-7d3c7a3d55da","create_time":1597681400414,"size":1520235,"is_remote":false,"is_managed":false,"is_referenced":true,"is_object_key_read_only":false,"is_user_provided_path_key":true,"transfer_complete":true,"is_partitioned":false,"complete_time_ticks":1597681400414,"user_data":{},"test_doc":0,"handle":{"bucket":"desafio2-donotdelete-pr-juoytxez7cwn8z","location":"us-geo","key":"dataset_desafio_2.csv","upload_id":"done","max_part_num":1},"usage":{"access_count":0,"last_accessor_id":"iam-ServiceId-f49c5558-c247-4983-a04f-7d3c7a3d55da","last_access_time":1597681400414}}]}
