{"metadata":{"asset_id":"1ddad9d7-61e2-44f7-95bb-e82af631027c","asset_attributes":["notebook"],"name":"parte-2","asset_type":"notebook","created_at":"2020-08-17T16:23:21Z","description":"","origin_country":"us","owner_id":"IBMid-550008AUDY","project_id":"ecf0bd32-f44d-4c58-a45d-119f56b9c1a6","size":24880,"tags":["notebook"],"usage":{"last_update_time":1597799793719,"last_updated_at":"2020-08-19T01:16:33Z"}},"entity":{"notebook":{"kernel":{"name":"python3","display_name":"Python 3.6","language":"python"},"originates_from":{"type":"file"},"runtime":{"environment":"conda2py36-ecf0bd32-f44d-4c58-a45d-119f56b9c1a6"}}},"attachments":[{"id":"cf9992ef-74cb-4b24-a334-edfe8ffd1e10","version":2,"asset_type":"notebook","name":"attachment for notebook 1ddad9d7-61e2-44f7-95bb-e82af631027c","description":"attachment for notebook 1ddad9d7-61e2-44f7-95bb-e82af631027c","mime":"application/json","datasource_type":"193a97c1-4475-4a19-b90c-295c4fdc6517","object_key":"notebook/parte-2_XvWXXx6YQ.ipynb","creator_id":"iam-ServiceId-9e68bc5f-c5f6-4f6f-8bcf-e57f47b9d1b1","create_time":1597681401819,"size":24880,"is_remote":false,"is_managed":false,"is_referenced":true,"is_object_key_read_only":false,"is_user_provided_path_key":true,"transfer_complete":true,"is_partitioned":false,"complete_time_ticks":1597681401819,"user_data":{},"test_doc":0,"handle":{"bucket":"desafio2-donotdelete-pr-juoytxez7cwn8z","location":"us-geo","key":"notebook/parte-2_XvWXXx6YQ.ipynb","upload_id":"done","max_part_num":1},"usage":{"access_count":0,"last_accessor_id":"iam-ServiceId-9e68bc5f-c5f6-4f6f-8bcf-e57f47b9d1b1","last_access_time":1597681401819}}]}
