{"metadata":{"asset_id":"a67c95a3-22f3-45a3-97c7-9f4e9e826363","asset_attributes":["notebook"],"name":"parte-1","asset_type":"notebook","created_at":"2020-08-17T16:23:21Z","description":"","origin_country":"us","owner_id":"IBMid-550008AUDY","project_id":"ecf0bd32-f44d-4c58-a45d-119f56b9c1a6","size":24680,"tags":["notebook"],"usage":{"last_update_time":1597797654635,"last_updated_at":"2020-08-19T00:40:54Z"}},"entity":{"notebook":{"kernel":{"name":"python3","display_name":"Python 3.6","language":"python"},"originates_from":{"type":"file"},"runtime":{"environment":"conda2py36-ecf0bd32-f44d-4c58-a45d-119f56b9c1a6"}}},"attachments":[{"id":"9ac5f86b-4ea3-4549-9865-6d0d60480457","version":2,"asset_type":"notebook","name":"attachment for notebook a67c95a3-22f3-45a3-97c7-9f4e9e826363","description":"attachment for notebook a67c95a3-22f3-45a3-97c7-9f4e9e826363","mime":"application/json","datasource_type":"193a97c1-4475-4a19-b90c-295c4fdc6517","object_key":"notebook/parte-1_XTm42MgVg.ipynb","creator_id":"iam-ServiceId-9e68bc5f-c5f6-4f6f-8bcf-e57f47b9d1b1","create_time":1597681401869,"size":24680,"is_remote":false,"is_managed":false,"is_referenced":true,"is_object_key_read_only":false,"is_user_provided_path_key":true,"transfer_complete":true,"is_partitioned":false,"complete_time_ticks":1597681401869,"user_data":{},"test_doc":0,"handle":{"bucket":"desafio2-donotdelete-pr-juoytxez7cwn8z","location":"us-geo","key":"notebook/parte-1_XTm42MgVg.ipynb","upload_id":"done","max_part_num":1},"usage":{"access_count":0,"last_accessor_id":"iam-ServiceId-9e68bc5f-c5f6-4f6f-8bcf-e57f47b9d1b1","last_access_time":1597681401869}}]}
